"country","continent","year","lifeExp","pop","gdpPercap"
"Hong Kong, China","Asia",2007,82.208,6980412,39724.97867
"Israel","Asia",2007,80.745,6426679,25523.2771
"Japan","Asia",2007,82.603,127467972,31656.06806
"Korea, Rep.","Asia",2007,78.623,49044790,23348.13973
"Singapore","Asia",2007,79.972,4553009,47143.17964
